pressure_node_2,flow_pipe_20
69.73332977294922,0.5967734456062317
